year, month, imgURL
2002, 9, https://climate.nasa.gov/rails/active_storage/blobs/eyJfcmFpbHMiOnsibWVzc2FnZSI6IkJBaHBBd2xmQWc9PSIsImV4cCI6bnVsbCwicHVyIjoiYmxvYl9pZCJ9fQ==--52bab461d100ef4796a28b29428e6af8f373c2cc/co2_2002_9_0001_720x360.jpg?disposition=attachment
2002, 10, https://climate.nasa.gov/rails/active_storage/blobs/eyJfcmFpbHMiOnsibWVzc2FnZSI6IkJBaHBBd3BmQWc9PSIsImV4cCI6bnVsbCwicHVyIjoiYmxvYl9pZCJ9fQ==--b76725924e6915aafbf2d35960c0e1647c801d72/co2_2002_10_0002_720x360.jpg?disposition=attachment
2002, 11, https://climate.nasa.gov/rails/active_storage/blobs/eyJfcmFpbHMiOnsibWVzc2FnZSI6IkJBaHBBd3RmQWc9PSIsImV4cCI6bnVsbCwicHVyIjoiYmxvYl9pZCJ9fQ==--60bc678b65a7c76269486fe2144ed8f8cb4be52d/co2_2002_11_0003_720x360.jpg?disposition=attachment
2002, 12, https://climate.nasa.gov/rails/active_storage/blobs/eyJfcmFpbHMiOnsibWVzc2FnZSI6IkJBaHBBd3hmQWc9PSIsImV4cCI6bnVsbCwicHVyIjoiYmxvYl9pZCJ9fQ==--3ea7372e3b7d1b0b6b09b190f9526ed3bb00542e/co2_2002_12_0004_720x360.jpg?disposition=attachment
2003, 1, https://climate.nasa.gov/rails/active_storage/blobs/eyJfcmFpbHMiOnsibWVzc2FnZSI6IkJBaHBBdzFmQWc9PSIsImV4cCI6bnVsbCwicHVyIjoiYmxvYl9pZCJ9fQ==--694852aa0e22c30297ee9a7929b0c04ec355c085/co2_2003_1_0005_720x360.jpg?disposition=attachment
2003, 2, https://climate.nasa.gov/rails/active_storage/blobs/eyJfcmFpbHMiOnsibWVzc2FnZSI6IkJBaHBBdzVmQWc9PSIsImV4cCI6bnVsbCwicHVyIjoiYmxvYl9pZCJ9fQ==--11803ad00d18fb73e33286130dae2a47a49e424f/co2_2003_2_0006_720x360.jpg?disposition=attachment
2003, 3, https://climate.nasa.gov/rails/active_storage/blobs/eyJfcmFpbHMiOnsibWVzc2FnZSI6IkJBaHBBdzlmQWc9PSIsImV4cCI6bnVsbCwicHVyIjoiYmxvYl9pZCJ9fQ==--6bb2c091242766e99fad4d05dd72155b846df404/co2_2003_3_0007_720x360.jpg?disposition=attachment
2003, 4, https://climate.nasa.gov/rails/active_storage/blobs/eyJfcmFpbHMiOnsibWVzc2FnZSI6IkJBaHBBeEJmQWc9PSIsImV4cCI6bnVsbCwicHVyIjoiYmxvYl9pZCJ9fQ==--6dcb4ded525c930d8dfbfe1ef2171fb92e1e0b11/co2_2003_4_0008_720x360.jpg?disposition=attachment
2003, 5, https://climate.nasa.gov/rails/active_storage/blobs/eyJfcmFpbHMiOnsibWVzc2FnZSI6IkJBaHBBeEZmQWc9PSIsImV4cCI6bnVsbCwicHVyIjoiYmxvYl9pZCJ9fQ==--62f0f69ff0273d5577845e0aaec61913bdcd22e7/co2_2003_5_0009_720x360.jpg?disposition=attachment
2003, 6, https://climate.nasa.gov/rails/active_storage/blobs/eyJfcmFpbHMiOnsibWVzc2FnZSI6IkJBaHBBeEpmQWc9PSIsImV4cCI6bnVsbCwicHVyIjoiYmxvYl9pZCJ9fQ==--c36f8c5c558fcc0b0c8e8b32fc897d1ae73d9c9f/co2_2003_6_0010_720x360.jpg?disposition=attachment
2003, 7, https://climate.nasa.gov/rails/active_storage/blobs/eyJfcmFpbHMiOnsibWVzc2FnZSI6IkJBaHBBeE5mQWc9PSIsImV4cCI6bnVsbCwicHVyIjoiYmxvYl9pZCJ9fQ==--56b2a713a7ebeddca2b67b722620cf7638b7c063/co2_2003_7_0011_720x360.jpg?disposition=attachment
2003, 8, https://climate.nasa.gov/rails/active_storage/blobs/eyJfcmFpbHMiOnsibWVzc2FnZSI6IkJBaHBBeFJmQWc9PSIsImV4cCI6bnVsbCwicHVyIjoiYmxvYl9pZCJ9fQ==--f0fadb038d786d053f7ce25117da1e6b41d93cb3/co2_2003_8_0012_720x360.jpg?disposition=attachment
2003, 9, https://climate.nasa.gov/rails/active_storage/blobs/eyJfcmFpbHMiOnsibWVzc2FnZSI6IkJBaHBBeFZmQWc9PSIsImV4cCI6bnVsbCwicHVyIjoiYmxvYl9pZCJ9fQ==--22bf9d04246b2438d3f0377d4d72f6ec95d9b75e/co2_2003_9_0013_720x360.jpg?disposition=attachment
2003, 10, https://climate.nasa.gov/rails/active_storage/blobs/eyJfcmFpbHMiOnsibWVzc2FnZSI6IkJBaHBBeFpmQWc9PSIsImV4cCI6bnVsbCwicHVyIjoiYmxvYl9pZCJ9fQ==--8092cef9f408fe66868ac17806ac1475abc248e7/co2_2003_10_0014_720x360.jpg?disposition=attachment
2003, 11, https://climate.nasa.gov/rails/active_storage/blobs/eyJfcmFpbHMiOnsibWVzc2FnZSI6IkJBaHBBeGRmQWc9PSIsImV4cCI6bnVsbCwicHVyIjoiYmxvYl9pZCJ9fQ==--dbf70b3765d326eb81da0ff71b2f8510070d99cc/co2_2003_11_0015_720x360.jpg?disposition=attachment
2003, 12, https://climate.nasa.gov/rails/active_storage/blobs/eyJfcmFpbHMiOnsibWVzc2FnZSI6IkJBaHBBeGhmQWc9PSIsImV4cCI6bnVsbCwicHVyIjoiYmxvYl9pZCJ9fQ==--7c2edbcb0229a0bcb0133d4b927ac24b0a61a0dd/co2_2003_12_0016_720x360.jpg?disposition=attachment
2004, 1, https://climate.nasa.gov/rails/active_storage/blobs/eyJfcmFpbHMiOnsibWVzc2FnZSI6IkJBaHBBeGxmQWc9PSIsImV4cCI6bnVsbCwicHVyIjoiYmxvYl9pZCJ9fQ==--c79790baf9c31ac5253dd7419c9164811c785a00/co2_2004_1_0017_720x360.jpg?disposition=attachment
2004, 2, https://climate.nasa.gov/rails/active_storage/blobs/eyJfcmFpbHMiOnsibWVzc2FnZSI6IkJBaHBBeHBmQWc9PSIsImV4cCI6bnVsbCwicHVyIjoiYmxvYl9pZCJ9fQ==--c25e99e202993457417e88e128fb19fa4bbb9545/co2_2004_2_0018_720x360.jpg?disposition=attachment
2004, 3, https://climate.nasa.gov/rails/active_storage/blobs/eyJfcmFpbHMiOnsibWVzc2FnZSI6IkJBaHBBeHRmQWc9PSIsImV4cCI6bnVsbCwicHVyIjoiYmxvYl9pZCJ9fQ==--c249a5c2b6cfc3e1c3f605e92a790ac44d6824f7/co2_2004_3_0019_720x360.jpg?disposition=attachment
2004, 4, https://climate.nasa.gov/rails/active_storage/blobs/eyJfcmFpbHMiOnsibWVzc2FnZSI6IkJBaHBBeHhmQWc9PSIsImV4cCI6bnVsbCwicHVyIjoiYmxvYl9pZCJ9fQ==--ab01245f1118c11393f1e900ad48845ca84fd854/co2_2004_4_0020_720x360.jpg?disposition=attachment
2004, 5, https://climate.nasa.gov/rails/active_storage/blobs/eyJfcmFpbHMiOnsibWVzc2FnZSI6IkJBaHBBeDFmQWc9PSIsImV4cCI6bnVsbCwicHVyIjoiYmxvYl9pZCJ9fQ==--bb6fcc54a4f665abc39b247fb050123e961f7d56/co2_2004_5_0021_720x360.jpg?disposition=attachment
2004, 6, https://climate.nasa.gov/rails/active_storage/blobs/eyJfcmFpbHMiOnsibWVzc2FnZSI6IkJBaHBBeDVmQWc9PSIsImV4cCI6bnVsbCwicHVyIjoiYmxvYl9pZCJ9fQ==--d9529070412982dd1243700d61505d1b7516ac7d/co2_2004_6_0022_720x360.jpg?disposition=attachment
2004, 7, https://climate.nasa.gov/rails/active_storage/blobs/eyJfcmFpbHMiOnsibWVzc2FnZSI6IkJBaHBBeDlmQWc9PSIsImV4cCI6bnVsbCwicHVyIjoiYmxvYl9pZCJ9fQ==--4e2a29f0b764c4409f9e744463e292aae9b97213/co2_2004_7_0023_720x360.jpg?disposition=attachment
2004, 8, https://climate.nasa.gov/rails/active_storage/blobs/eyJfcmFpbHMiOnsibWVzc2FnZSI6IkJBaHBBeUJmQWc9PSIsImV4cCI6bnVsbCwicHVyIjoiYmxvYl9pZCJ9fQ==--ff52cea6a18219813ff4e4908ca0ed21e749dfc4/co2_2004_8_0024_720x360.jpg?disposition=attachment
2004, 9, https://climate.nasa.gov/rails/active_storage/blobs/eyJfcmFpbHMiOnsibWVzc2FnZSI6IkJBaHBBeUZmQWc9PSIsImV4cCI6bnVsbCwicHVyIjoiYmxvYl9pZCJ9fQ==--d7525986f79b7f56a8b64f977901cd26ab167195/co2_2004_9_0025_720x360.jpg?disposition=attachment
2004, 10, https://climate.nasa.gov/rails/active_storage/blobs/eyJfcmFpbHMiOnsibWVzc2FnZSI6IkJBaHBBeUpmQWc9PSIsImV4cCI6bnVsbCwicHVyIjoiYmxvYl9pZCJ9fQ==--a42b693bf57236e2db1653cadffcb5cf88904e10/co2_2004_10_0026_720x360.jpg?disposition=attachment
2004, 11, https://climate.nasa.gov/rails/active_storage/blobs/eyJfcmFpbHMiOnsibWVzc2FnZSI6IkJBaHBBeU5mQWc9PSIsImV4cCI6bnVsbCwicHVyIjoiYmxvYl9pZCJ9fQ==--f8cafbcec4b7bb773f86b8c5b3ac9ce31ada2e62/co2_2004_11_0027_720x360.jpg?disposition=attachment
2004, 12, https://climate.nasa.gov/rails/active_storage/blobs/eyJfcmFpbHMiOnsibWVzc2FnZSI6IkJBaHBBeVJmQWc9PSIsImV4cCI6bnVsbCwicHVyIjoiYmxvYl9pZCJ9fQ==--7de99b8f65d62436db766a80f9855871c06ecb63/co2_2004_12_0028_720x360.jpg?disposition=attachment
2005, 1, https://climate.nasa.gov/rails/active_storage/blobs/eyJfcmFpbHMiOnsibWVzc2FnZSI6IkJBaHBBeVZmQWc9PSIsImV4cCI6bnVsbCwicHVyIjoiYmxvYl9pZCJ9fQ==--c4618f0c65469a8d63da91778dd6f72c1a10b0be/co2_2005_1_0029_720x360.jpg?disposition=attachment
2005, 2, https://climate.nasa.gov/rails/active_storage/blobs/eyJfcmFpbHMiOnsibWVzc2FnZSI6IkJBaHBBeVpmQWc9PSIsImV4cCI6bnVsbCwicHVyIjoiYmxvYl9pZCJ9fQ==--92e1e0d85eec352cff8820af0e4dd81cf2c1f3ca/co2_2005_2_0030_720x360.jpg?disposition=attachment
2005, 3, https://climate.nasa.gov/rails/active_storage/blobs/eyJfcmFpbHMiOnsibWVzc2FnZSI6IkJBaHBBeWRmQWc9PSIsImV4cCI6bnVsbCwicHVyIjoiYmxvYl9pZCJ9fQ==--e932496ff9bf43e085e3bb1521eebc9f5a6810a0/co2_2005_3_0031_720x360.jpg?disposition=attachment
2005, 4, https://climate.nasa.gov/rails/active_storage/blobs/eyJfcmFpbHMiOnsibWVzc2FnZSI6IkJBaHBBeWhmQWc9PSIsImV4cCI6bnVsbCwicHVyIjoiYmxvYl9pZCJ9fQ==--18279b306c4da621c156b7c89208c4ebaf2500f8/co2_2005_4_0032_720x360.jpg?disposition=attachment
2005, 5, https://climate.nasa.gov/rails/active_storage/blobs/eyJfcmFpbHMiOnsibWVzc2FnZSI6IkJBaHBBeWxmQWc9PSIsImV4cCI6bnVsbCwicHVyIjoiYmxvYl9pZCJ9fQ==--95cf82f3261ce6115df5d5138ccd3557e5d6cfb4/co2_2005_5_0033_720x360.jpg?disposition=attachment
2005, 6, https://climate.nasa.gov/rails/active_storage/blobs/eyJfcmFpbHMiOnsibWVzc2FnZSI6IkJBaHBBeXBmQWc9PSIsImV4cCI6bnVsbCwicHVyIjoiYmxvYl9pZCJ9fQ==--889f9b78cfbd074e5d4dd636b438d92ebc3b6d22/co2_2005_6_0034_720x360.jpg?disposition=attachment
2005, 7, https://climate.nasa.gov/rails/active_storage/blobs/eyJfcmFpbHMiOnsibWVzc2FnZSI6IkJBaHBBeXRmQWc9PSIsImV4cCI6bnVsbCwicHVyIjoiYmxvYl9pZCJ9fQ==--a3175bfba58d7af6e30d24bb09cd8bf85b8367ea/co2_2005_7_0035_720x360.jpg?disposition=attachment
2005, 8, https://climate.nasa.gov/rails/active_storage/blobs/eyJfcmFpbHMiOnsibWVzc2FnZSI6IkJBaHBBeXhmQWc9PSIsImV4cCI6bnVsbCwicHVyIjoiYmxvYl9pZCJ9fQ==--2e29dcaa8f5103cb28b95ec51b6c516bc82e7611/co2_2005_8_0036_720x360.jpg?disposition=attachment
2005, 9, https://climate.nasa.gov/rails/active_storage/blobs/eyJfcmFpbHMiOnsibWVzc2FnZSI6IkJBaHBBeTFmQWc9PSIsImV4cCI6bnVsbCwicHVyIjoiYmxvYl9pZCJ9fQ==--f7407f99db8212a4916870c3eba32f8785c3ab31/co2_2005_9_0037_720x360.jpg?disposition=attachment
2005, 10, https://climate.nasa.gov/rails/active_storage/blobs/eyJfcmFpbHMiOnsibWVzc2FnZSI6IkJBaHBBeTVmQWc9PSIsImV4cCI6bnVsbCwicHVyIjoiYmxvYl9pZCJ9fQ==--342fb30310f6b7fc0a6ee4bc99b4f02ae5af47f6/co2_2005_10_0038_720x360.jpg?disposition=attachment
2005, 11, https://climate.nasa.gov/rails/active_storage/blobs/eyJfcmFpbHMiOnsibWVzc2FnZSI6IkJBaHBBeTlmQWc9PSIsImV4cCI6bnVsbCwicHVyIjoiYmxvYl9pZCJ9fQ==--5820e123cbe8f00f4eb7d35aaf87a34b2e92dc8a/co2_2005_11_0039_720x360.jpg?disposition=attachment
2005, 12, https://climate.nasa.gov/rails/active_storage/blobs/eyJfcmFpbHMiOnsibWVzc2FnZSI6IkJBaHBBekJmQWc9PSIsImV4cCI6bnVsbCwicHVyIjoiYmxvYl9pZCJ9fQ==--86fe0dc27cec0887b4c7534f101d0f6c91afee9b/co2_2005_12_0040_720x360.jpg?disposition=attachment
2006, 1, https://climate.nasa.gov/rails/active_storage/blobs/eyJfcmFpbHMiOnsibWVzc2FnZSI6IkJBaHBBekZmQWc9PSIsImV4cCI6bnVsbCwicHVyIjoiYmxvYl9pZCJ9fQ==--1ae77194e8e1d1600659bfabea34b9698b7637ff/co2_2006_1_0041_720x360.jpg?disposition=attachment
2006, 2, https://climate.nasa.gov/rails/active_storage/blobs/eyJfcmFpbHMiOnsibWVzc2FnZSI6IkJBaHBBekpmQWc9PSIsImV4cCI6bnVsbCwicHVyIjoiYmxvYl9pZCJ9fQ==--8e6dfb7225a1ebc157050d995cb25f783a8f4976/co2_2006_2_0042_720x360.jpg?disposition=attachment
2006, 3, https://climate.nasa.gov/rails/active_storage/blobs/eyJfcmFpbHMiOnsibWVzc2FnZSI6IkJBaHBBek5mQWc9PSIsImV4cCI6bnVsbCwicHVyIjoiYmxvYl9pZCJ9fQ==--52c8a48c47ef7bbcdd684b3844d00cf15f25eaac/co2_2006_3_0043_720x360.jpg?disposition=attachment
2006, 4, https://climate.nasa.gov/rails/active_storage/blobs/eyJfcmFpbHMiOnsibWVzc2FnZSI6IkJBaHBBelJmQWc9PSIsImV4cCI6bnVsbCwicHVyIjoiYmxvYl9pZCJ9fQ==--8cfd0e5525873cfa99abb64d71095f226273d016/co2_2006_4_0044_720x360.jpg?disposition=attachment
2006, 5, https://climate.nasa.gov/rails/active_storage/blobs/eyJfcmFpbHMiOnsibWVzc2FnZSI6IkJBaHBBelZmQWc9PSIsImV4cCI6bnVsbCwicHVyIjoiYmxvYl9pZCJ9fQ==--69e37f71be28fda3924f4ae0477320f847971306/co2_2006_5_0045_720x360.jpg?disposition=attachment
2006, 6, https://climate.nasa.gov/rails/active_storage/blobs/eyJfcmFpbHMiOnsibWVzc2FnZSI6IkJBaHBBelpmQWc9PSIsImV4cCI6bnVsbCwicHVyIjoiYmxvYl9pZCJ9fQ==--c282d258fcd018edde2defe9ed21873541cb75cc/co2_2006_6_0046_720x360.jpg?disposition=attachment
2006, 7, https://climate.nasa.gov/rails/active_storage/blobs/eyJfcmFpbHMiOnsibWVzc2FnZSI6IkJBaHBBemRmQWc9PSIsImV4cCI6bnVsbCwicHVyIjoiYmxvYl9pZCJ9fQ==--29982ccb6bccaf92b21f0e6cd30cfe4efa5a8d9e/co2_2006_7_0047_720x360.jpg?disposition=attachment
2006, 8, https://climate.nasa.gov/rails/active_storage/blobs/eyJfcmFpbHMiOnsibWVzc2FnZSI6IkJBaHBBemhmQWc9PSIsImV4cCI6bnVsbCwicHVyIjoiYmxvYl9pZCJ9fQ==--02b0dd4f448302600fe04562c39fd8c4649344a0/co2_2006_8_0048_720x360.jpg?disposition=attachment
2006, 9, https://climate.nasa.gov/rails/active_storage/blobs/eyJfcmFpbHMiOnsibWVzc2FnZSI6IkJBaHBBemxmQWc9PSIsImV4cCI6bnVsbCwicHVyIjoiYmxvYl9pZCJ9fQ==--66b9a23f19aad1856ff74ee04fa98bdfef8317a8/co2_2006_9_0049_720x360.jpg?disposition=attachment
2006, 10, https://climate.nasa.gov/rails/active_storage/blobs/eyJfcmFpbHMiOnsibWVzc2FnZSI6IkJBaHBBenBmQWc9PSIsImV4cCI6bnVsbCwicHVyIjoiYmxvYl9pZCJ9fQ==--e4f1ff6f61d6f2a432671888a739e667d856f64d/co2_2006_10_0050_720x360.jpg?disposition=attachment
2006, 11, https://climate.nasa.gov/rails/active_storage/blobs/eyJfcmFpbHMiOnsibWVzc2FnZSI6IkJBaHBBenRmQWc9PSIsImV4cCI6bnVsbCwicHVyIjoiYmxvYl9pZCJ9fQ==--dcc474aec950c2091bc6391089006a891679d05d/co2_2006_11_0051_720x360.jpg?disposition=attachment
2006, 12, https://climate.nasa.gov/rails/active_storage/blobs/eyJfcmFpbHMiOnsibWVzc2FnZSI6IkJBaHBBenhmQWc9PSIsImV4cCI6bnVsbCwicHVyIjoiYmxvYl9pZCJ9fQ==--f63178e7e427be894f88d4abce8db585ab262369/co2_2006_12_0052_720x360.jpg?disposition=attachment
2007, 1, https://climate.nasa.gov/rails/active_storage/blobs/eyJfcmFpbHMiOnsibWVzc2FnZSI6IkJBaHBBejFmQWc9PSIsImV4cCI6bnVsbCwicHVyIjoiYmxvYl9pZCJ9fQ==--dfaf9c540843e6e1de8dab0638f4c530d32e226c/co2_2007_1_0053_720x360.jpg?disposition=attachment
2007, 2, https://climate.nasa.gov/rails/active_storage/blobs/eyJfcmFpbHMiOnsibWVzc2FnZSI6IkJBaHBBejVmQWc9PSIsImV4cCI6bnVsbCwicHVyIjoiYmxvYl9pZCJ9fQ==--1afaf0f7ed8f9ac1e62ba148e9b25375c43f2998/co2_2007_2_0054_720x360.jpg?disposition=attachment
2007, 3, https://climate.nasa.gov/rails/active_storage/blobs/eyJfcmFpbHMiOnsibWVzc2FnZSI6IkJBaHBBejlmQWc9PSIsImV4cCI6bnVsbCwicHVyIjoiYmxvYl9pZCJ9fQ==--87cc4c356bfbb1dff1d8a8a20e62f7119111209f/co2_2007_3_0055_720x360.jpg?disposition=attachment
2007, 4, https://climate.nasa.gov/rails/active_storage/blobs/eyJfcmFpbHMiOnsibWVzc2FnZSI6IkJBaHBBMEJmQWc9PSIsImV4cCI6bnVsbCwicHVyIjoiYmxvYl9pZCJ9fQ==--fc3be4832a8035ebec794e06f666509bb564625b/co2_2007_4_0056_720x360.jpg?disposition=attachment
2007, 5, https://climate.nasa.gov/rails/active_storage/blobs/eyJfcmFpbHMiOnsibWVzc2FnZSI6IkJBaHBBMEZmQWc9PSIsImV4cCI6bnVsbCwicHVyIjoiYmxvYl9pZCJ9fQ==--e56c53c335287227e22b57ecaa9ad7f2f6423eb8/co2_2007_5_0057_720x360.jpg?disposition=attachment
2007, 6, https://climate.nasa.gov/rails/active_storage/blobs/eyJfcmFpbHMiOnsibWVzc2FnZSI6IkJBaHBBMEpmQWc9PSIsImV4cCI6bnVsbCwicHVyIjoiYmxvYl9pZCJ9fQ==--3256e68d255d36efad7236c9d5d04f08f4982214/co2_2007_6_0058_720x360.jpg?disposition=attachment
2007, 7, https://climate.nasa.gov/rails/active_storage/blobs/eyJfcmFpbHMiOnsibWVzc2FnZSI6IkJBaHBBME5mQWc9PSIsImV4cCI6bnVsbCwicHVyIjoiYmxvYl9pZCJ9fQ==--70bb593c17d8b75d55a28e0260aa96bfd39ac503/co2_2007_7_0059_720x360.jpg?disposition=attachment
2007, 8, https://climate.nasa.gov/rails/active_storage/blobs/eyJfcmFpbHMiOnsibWVzc2FnZSI6IkJBaHBBMFJmQWc9PSIsImV4cCI6bnVsbCwicHVyIjoiYmxvYl9pZCJ9fQ==--33d60226ee40c484d12390092e8d334b772a37f7/co2_2007_8_0060_720x360.jpg?disposition=attachment
2007, 9, https://climate.nasa.gov/rails/active_storage/blobs/eyJfcmFpbHMiOnsibWVzc2FnZSI6IkJBaHBBMFZmQWc9PSIsImV4cCI6bnVsbCwicHVyIjoiYmxvYl9pZCJ9fQ==--1dd9b31d613fbaed6e54060a3125fbabc051393b/co2_2007_9_0061_720x360.jpg?disposition=attachment
2007, 10, https://climate.nasa.gov/rails/active_storage/blobs/eyJfcmFpbHMiOnsibWVzc2FnZSI6IkJBaHBBMFpmQWc9PSIsImV4cCI6bnVsbCwicHVyIjoiYmxvYl9pZCJ9fQ==--a5a274a237e50ec45ac4351f725786b3b815eaf5/co2_2007_10_0062_720x360.jpg?disposition=attachment
2007, 11, https://climate.nasa.gov/rails/active_storage/blobs/eyJfcmFpbHMiOnsibWVzc2FnZSI6IkJBaHBBMGRmQWc9PSIsImV4cCI6bnVsbCwicHVyIjoiYmxvYl9pZCJ9fQ==--2fb3590b2956f32f41faf08102c3447dac385940/co2_2007_11_0063_720x360.jpg?disposition=attachment
2007, 12, https://climate.nasa.gov/rails/active_storage/blobs/eyJfcmFpbHMiOnsibWVzc2FnZSI6IkJBaHBBMGhmQWc9PSIsImV4cCI6bnVsbCwicHVyIjoiYmxvYl9pZCJ9fQ==--66e04bba4b4a5392c872ae73b6f2441cc241d507/co2_2007_12_0064_720x360.jpg?disposition=attachment
2008, 1, https://climate.nasa.gov/rails/active_storage/blobs/eyJfcmFpbHMiOnsibWVzc2FnZSI6IkJBaHBBMGxmQWc9PSIsImV4cCI6bnVsbCwicHVyIjoiYmxvYl9pZCJ9fQ==--465879d75674771effbb62cb6a06071953bed69d/co2_2008_1_0065_720x360.jpg?disposition=attachment
2008, 2, https://climate.nasa.gov/rails/active_storage/blobs/eyJfcmFpbHMiOnsibWVzc2FnZSI6IkJBaHBBMHBmQWc9PSIsImV4cCI6bnVsbCwicHVyIjoiYmxvYl9pZCJ9fQ==--6cf5907a446072f20ca366a3b7d38b92700863a6/co2_2008_2_0066_720x360.jpg?disposition=attachment
2008, 3, https://climate.nasa.gov/rails/active_storage/blobs/eyJfcmFpbHMiOnsibWVzc2FnZSI6IkJBaHBBMHRmQWc9PSIsImV4cCI6bnVsbCwicHVyIjoiYmxvYl9pZCJ9fQ==--fb6bffbd724f4f582614c9c3d8c776421be1c3c8/co2_2008_3_0067_720x360.jpg?disposition=attachment
2008, 4, https://climate.nasa.gov/rails/active_storage/blobs/eyJfcmFpbHMiOnsibWVzc2FnZSI6IkJBaHBBMHhmQWc9PSIsImV4cCI6bnVsbCwicHVyIjoiYmxvYl9pZCJ9fQ==--d3c222b6a7af0744e957982ed185b4155b83d5c2/co2_2008_4_0068_720x360.jpg?disposition=attachment
2008, 5, https://climate.nasa.gov/rails/active_storage/blobs/eyJfcmFpbHMiOnsibWVzc2FnZSI6IkJBaHBBMDFmQWc9PSIsImV4cCI6bnVsbCwicHVyIjoiYmxvYl9pZCJ9fQ==--bfd73f3a22eb9649418bbd370b84feb710adda68/co2_2008_5_0069_720x360.jpg?disposition=attachment
2008, 6, https://climate.nasa.gov/rails/active_storage/blobs/eyJfcmFpbHMiOnsibWVzc2FnZSI6IkJBaHBBMDVmQWc9PSIsImV4cCI6bnVsbCwicHVyIjoiYmxvYl9pZCJ9fQ==--b4d82dea3d17d9b7c4bc2bb98470a1fb8af7e710/co2_2008_6_0070_720x360.jpg?disposition=attachment
2008, 7, https://climate.nasa.gov/rails/active_storage/blobs/eyJfcmFpbHMiOnsibWVzc2FnZSI6IkJBaHBBMDlmQWc9PSIsImV4cCI6bnVsbCwicHVyIjoiYmxvYl9pZCJ9fQ==--286631d80478b16ba52042c43d83d120d595804e/co2_2008_7_0071_720x360.jpg?disposition=attachment
2008, 8, https://climate.nasa.gov/rails/active_storage/blobs/eyJfcmFpbHMiOnsibWVzc2FnZSI6IkJBaHBBMUJmQWc9PSIsImV4cCI6bnVsbCwicHVyIjoiYmxvYl9pZCJ9fQ==--b9ca9e2c31f480248f73a86954b91973abacf29a/co2_2008_8_0072_720x360.jpg?disposition=attachment
2008, 9, https://climate.nasa.gov/rails/active_storage/blobs/eyJfcmFpbHMiOnsibWVzc2FnZSI6IkJBaHBBMUZmQWc9PSIsImV4cCI6bnVsbCwicHVyIjoiYmxvYl9pZCJ9fQ==--7d1800c3cdb23d33c8eda2bbf84c6a0103818f96/co2_2008_9_0073_720x360.jpg?disposition=attachment
2008, 10, https://climate.nasa.gov/rails/active_storage/blobs/eyJfcmFpbHMiOnsibWVzc2FnZSI6IkJBaHBBMUpmQWc9PSIsImV4cCI6bnVsbCwicHVyIjoiYmxvYl9pZCJ9fQ==--2fd86b7a03f44abe8858d0805b387b713e48c29d/co2_2008_10_0074_720x360.jpg?disposition=attachment
2008, 11, https://climate.nasa.gov/rails/active_storage/blobs/eyJfcmFpbHMiOnsibWVzc2FnZSI6IkJBaHBBMU5mQWc9PSIsImV4cCI6bnVsbCwicHVyIjoiYmxvYl9pZCJ9fQ==--02e6ac61886ad8f307cee646c72b6b23d38f2f8c/co2_2008_11_0075_720x360.jpg?disposition=attachment
2008, 12, https://climate.nasa.gov/rails/active_storage/blobs/eyJfcmFpbHMiOnsibWVzc2FnZSI6IkJBaHBBMVJmQWc9PSIsImV4cCI6bnVsbCwicHVyIjoiYmxvYl9pZCJ9fQ==--6e525a854e570ae2b3bc6e7727903ff6dad322c9/co2_2008_12_0076_720x360.jpg?disposition=attachment
2009, 1, https://climate.nasa.gov/rails/active_storage/blobs/eyJfcmFpbHMiOnsibWVzc2FnZSI6IkJBaHBBMVZmQWc9PSIsImV4cCI6bnVsbCwicHVyIjoiYmxvYl9pZCJ9fQ==--a430e16a7b97f4fdec0616fd82068aec8e4c737d/co2_2009_1_0077_720x360.jpg?disposition=attachment
2009, 2, https://climate.nasa.gov/rails/active_storage/blobs/eyJfcmFpbHMiOnsibWVzc2FnZSI6IkJBaHBBMVpmQWc9PSIsImV4cCI6bnVsbCwicHVyIjoiYmxvYl9pZCJ9fQ==--f6664ce02a009adf9ea66bc803e4a2dbd84bb4b8/co2_2009_2_0078_720x360.jpg?disposition=attachment
2009, 3, https://climate.nasa.gov/rails/active_storage/blobs/eyJfcmFpbHMiOnsibWVzc2FnZSI6IkJBaHBBMWRmQWc9PSIsImV4cCI6bnVsbCwicHVyIjoiYmxvYl9pZCJ9fQ==--32820db3a2f0acefaa27eb4ba7cae75c0788e9ec/co2_2009_3_0079_720x360.jpg?disposition=attachment
2009, 4, https://climate.nasa.gov/rails/active_storage/blobs/eyJfcmFpbHMiOnsibWVzc2FnZSI6IkJBaHBBMWhmQWc9PSIsImV4cCI6bnVsbCwicHVyIjoiYmxvYl9pZCJ9fQ==--e545f69c3ec862027a46fdd5d1c4603a13ed4afd/co2_2009_4_0080_720x360.jpg?disposition=attachment
2009, 5, https://climate.nasa.gov/rails/active_storage/blobs/eyJfcmFpbHMiOnsibWVzc2FnZSI6IkJBaHBBMWxmQWc9PSIsImV4cCI6bnVsbCwicHVyIjoiYmxvYl9pZCJ9fQ==--901868008d8b023b910f45925ad12d6cad75ba8b/co2_2009_5_0081_720x360.jpg?disposition=attachment
2009, 6, https://climate.nasa.gov/rails/active_storage/blobs/eyJfcmFpbHMiOnsibWVzc2FnZSI6IkJBaHBBMXBmQWc9PSIsImV4cCI6bnVsbCwicHVyIjoiYmxvYl9pZCJ9fQ==--22fd07d469b5325e19d2985e85dbb676b0e87cb4/co2_2009_6_0082_720x360.jpg?disposition=attachment
2009, 7, https://climate.nasa.gov/rails/active_storage/blobs/eyJfcmFpbHMiOnsibWVzc2FnZSI6IkJBaHBBMXRmQWc9PSIsImV4cCI6bnVsbCwicHVyIjoiYmxvYl9pZCJ9fQ==--f77b12676a3b68459c7ea86e5a78148369e6cc82/co2_2009_7_0083_720x360.jpg?disposition=attachment
2009, 8, https://climate.nasa.gov/rails/active_storage/blobs/eyJfcmFpbHMiOnsibWVzc2FnZSI6IkJBaHBBMXhmQWc9PSIsImV4cCI6bnVsbCwicHVyIjoiYmxvYl9pZCJ9fQ==--7df9b8151735222a125788096071da7e5654df54/co2_2009_8_0084_720x360.jpg?disposition=attachment
2009, 9, https://climate.nasa.gov/rails/active_storage/blobs/eyJfcmFpbHMiOnsibWVzc2FnZSI6IkJBaHBBMTFmQWc9PSIsImV4cCI6bnVsbCwicHVyIjoiYmxvYl9pZCJ9fQ==--aeb4e11359d0c76fc1afdc4a1848d1734586c2f4/co2_2009_9_0085_720x360.jpg?disposition=attachment
2009, 10, https://climate.nasa.gov/rails/active_storage/blobs/eyJfcmFpbHMiOnsibWVzc2FnZSI6IkJBaHBBMTVmQWc9PSIsImV4cCI6bnVsbCwicHVyIjoiYmxvYl9pZCJ9fQ==--12ea195637ee3779137c10b1445879e04ac5baf1/co2_2009_10_0086_720x360.jpg?disposition=attachment
2009, 11, https://climate.nasa.gov/rails/active_storage/blobs/eyJfcmFpbHMiOnsibWVzc2FnZSI6IkJBaHBBMTlmQWc9PSIsImV4cCI6bnVsbCwicHVyIjoiYmxvYl9pZCJ9fQ==--7b709ded5654432fdcc6044ceeb8547249d0bfda/co2_2009_11_0087_720x360.jpg?disposition=attachment
2009, 12, https://climate.nasa.gov/rails/active_storage/blobs/eyJfcmFpbHMiOnsibWVzc2FnZSI6IkJBaHBBMkJmQWc9PSIsImV4cCI6bnVsbCwicHVyIjoiYmxvYl9pZCJ9fQ==--712beef6a8806b06c29ba42397102649f77017c4/co2_2009_12_0088_720x360.jpg?disposition=attachment
2010, 1, https://climate.nasa.gov/rails/active_storage/blobs/eyJfcmFpbHMiOnsibWVzc2FnZSI6IkJBaHBBMkZmQWc9PSIsImV4cCI6bnVsbCwicHVyIjoiYmxvYl9pZCJ9fQ==--55d174780dffa92ff9815fb922eb5844f4fdf69d/co2_2010_1_0089_720x360.jpg?disposition=attachment
2010, 2, https://climate.nasa.gov/rails/active_storage/blobs/eyJfcmFpbHMiOnsibWVzc2FnZSI6IkJBaHBBMkpmQWc9PSIsImV4cCI6bnVsbCwicHVyIjoiYmxvYl9pZCJ9fQ==--e720791304c47134f43cc3af9c40f6c2914e8345/co2_2010_2_0090_720x360.jpg?disposition=attachment
2010, 3, https://climate.nasa.gov/rails/active_storage/blobs/eyJfcmFpbHMiOnsibWVzc2FnZSI6IkJBaHBBMk5mQWc9PSIsImV4cCI6bnVsbCwicHVyIjoiYmxvYl9pZCJ9fQ==--085bb98b6d20ced5ad969d1a0db16e6078cab582/co2_2010_3_0091_720x360.jpg?disposition=attachment
2010, 4, https://climate.nasa.gov/rails/active_storage/blobs/eyJfcmFpbHMiOnsibWVzc2FnZSI6IkJBaHBBMlJmQWc9PSIsImV4cCI6bnVsbCwicHVyIjoiYmxvYl9pZCJ9fQ==--aea3d0d3fa8139e9f9708e952f5695ea6bd65cca/co2_2010_4_0092_720x360.jpg?disposition=attachment
2010, 5, https://climate.nasa.gov/rails/active_storage/blobs/eyJfcmFpbHMiOnsibWVzc2FnZSI6IkJBaHBBMlZmQWc9PSIsImV4cCI6bnVsbCwicHVyIjoiYmxvYl9pZCJ9fQ==--09150fce1fec844303f6f065d43f981c7f637b8e/co2_2010_5_0093_720x360.jpg?disposition=attachment
2010, 6, https://climate.nasa.gov/rails/active_storage/blobs/eyJfcmFpbHMiOnsibWVzc2FnZSI6IkJBaHBBMlpmQWc9PSIsImV4cCI6bnVsbCwicHVyIjoiYmxvYl9pZCJ9fQ==--8772bfb893d66f81b8c173156d8a40463c490969/co2_2010_6_0094_720x360.jpg?disposition=attachment
2010, 7, https://climate.nasa.gov/rails/active_storage/blobs/eyJfcmFpbHMiOnsibWVzc2FnZSI6IkJBaHBBMmRmQWc9PSIsImV4cCI6bnVsbCwicHVyIjoiYmxvYl9pZCJ9fQ==--163c3f20f2f1c5f4a7a727d75b61f721884f47ca/co2_2010_7_0095_720x360.jpg?disposition=attachment
2010, 8, https://climate.nasa.gov/rails/active_storage/blobs/eyJfcmFpbHMiOnsibWVzc2FnZSI6IkJBaHBBMmhmQWc9PSIsImV4cCI6bnVsbCwicHVyIjoiYmxvYl9pZCJ9fQ==--43310c185f0dd092acfd9fc826611bb2c003350e/co2_2010_8_0096_720x360.jpg?disposition=attachment
2010, 9, https://climate.nasa.gov/rails/active_storage/blobs/eyJfcmFpbHMiOnsibWVzc2FnZSI6IkJBaHBBMmxmQWc9PSIsImV4cCI6bnVsbCwicHVyIjoiYmxvYl9pZCJ9fQ==--077beb5631546c49c1f0a4846d344921bfe40cca/co2_2010_9_0097_720x360.jpg?disposition=attachment
2010, 10, https://climate.nasa.gov/rails/active_storage/blobs/eyJfcmFpbHMiOnsibWVzc2FnZSI6IkJBaHBBMnBmQWc9PSIsImV4cCI6bnVsbCwicHVyIjoiYmxvYl9pZCJ9fQ==--28bc655db8a1976a023b08640eecf5fabdcd7f04/co2_2010_10_0098_720x360.jpg?disposition=attachment
2010, 11, https://climate.nasa.gov/rails/active_storage/blobs/eyJfcmFpbHMiOnsibWVzc2FnZSI6IkJBaHBBMnRmQWc9PSIsImV4cCI6bnVsbCwicHVyIjoiYmxvYl9pZCJ9fQ==--931eb172952ded33f1b535e146c64d75dc20affe/co2_2010_11_0099_720x360.jpg?disposition=attachment
2010, 12, https://climate.nasa.gov/rails/active_storage/blobs/eyJfcmFpbHMiOnsibWVzc2FnZSI6IkJBaHBBMnhmQWc9PSIsImV4cCI6bnVsbCwicHVyIjoiYmxvYl9pZCJ9fQ==--8f59c2d600e71aa500181dd68e637559f6cb591e/co2_2010_12_0100_720x360.jpg?disposition=attachment
2011, 1, https://climate.nasa.gov/rails/active_storage/blobs/eyJfcmFpbHMiOnsibWVzc2FnZSI6IkJBaHBBMjFmQWc9PSIsImV4cCI6bnVsbCwicHVyIjoiYmxvYl9pZCJ9fQ==--ed6adcd31d975276a9af1d668078a1cbeed08573/co2_2011_1_0101_720x360.jpg?disposition=attachment
2011, 2, https://climate.nasa.gov/rails/active_storage/blobs/eyJfcmFpbHMiOnsibWVzc2FnZSI6IkJBaHBBMjVmQWc9PSIsImV4cCI6bnVsbCwicHVyIjoiYmxvYl9pZCJ9fQ==--730c6c74ae03eeb0ac943c15f26b6ac2e04b53c8/co2_2011_2_0102_720x360.jpg?disposition=attachment
2011, 3, https://climate.nasa.gov/rails/active_storage/blobs/eyJfcmFpbHMiOnsibWVzc2FnZSI6IkJBaHBBMjlmQWc9PSIsImV4cCI6bnVsbCwicHVyIjoiYmxvYl9pZCJ9fQ==--12a623cac97f0a376f8f9367715c77b4428126dd/co2_2011_3_0103_720x360.jpg?disposition=attachment
2011, 4, https://climate.nasa.gov/rails/active_storage/blobs/eyJfcmFpbHMiOnsibWVzc2FnZSI6IkJBaHBBM0JmQWc9PSIsImV4cCI6bnVsbCwicHVyIjoiYmxvYl9pZCJ9fQ==--fc8ccc65152837f90066fb9582f40ecd9fb3d4c5/co2_2011_4_0104_720x360.jpg?disposition=attachment
2011, 5, https://climate.nasa.gov/rails/active_storage/blobs/eyJfcmFpbHMiOnsibWVzc2FnZSI6IkJBaHBBM0ZmQWc9PSIsImV4cCI6bnVsbCwicHVyIjoiYmxvYl9pZCJ9fQ==--dfc3515324704ed531b515281a89df5902de1d8a/co2_2011_5_0105_720x360.jpg?disposition=attachment
2011, 6, https://climate.nasa.gov/rails/active_storage/blobs/eyJfcmFpbHMiOnsibWVzc2FnZSI6IkJBaHBBM0pmQWc9PSIsImV4cCI6bnVsbCwicHVyIjoiYmxvYl9pZCJ9fQ==--4b5d62d67a913be6fb2bb58f49f2a3b1dac32f8d/co2_2011_6_0106_720x360.jpg?disposition=attachment
2011, 7, https://climate.nasa.gov/rails/active_storage/blobs/eyJfcmFpbHMiOnsibWVzc2FnZSI6IkJBaHBBM05mQWc9PSIsImV4cCI6bnVsbCwicHVyIjoiYmxvYl9pZCJ9fQ==--db1c8ecfe4187427193083d1a30067b8b0533a1e/co2_2011_7_0107_720x360.jpg?disposition=attachment
2011, 8, https://climate.nasa.gov/rails/active_storage/blobs/eyJfcmFpbHMiOnsibWVzc2FnZSI6IkJBaHBBM1JmQWc9PSIsImV4cCI6bnVsbCwicHVyIjoiYmxvYl9pZCJ9fQ==--c49e2a31b3a9045b50cb4be2b24717ed029738c2/co2_2011_8_0108_720x360.jpg?disposition=attachment
2011, 9, https://climate.nasa.gov/rails/active_storage/blobs/eyJfcmFpbHMiOnsibWVzc2FnZSI6IkJBaHBBM1ZmQWc9PSIsImV4cCI6bnVsbCwicHVyIjoiYmxvYl9pZCJ9fQ==--ccfc7a3b78003d092f38464fb2d4a6ace2be1e5a/co2_2011_9_0109_720x360.jpg?disposition=attachment
2011, 10, https://climate.nasa.gov/rails/active_storage/blobs/eyJfcmFpbHMiOnsibWVzc2FnZSI6IkJBaHBBM1pmQWc9PSIsImV4cCI6bnVsbCwicHVyIjoiYmxvYl9pZCJ9fQ==--44c7b22b36e1572b1550427f4adf915c7f852809/co2_2011_10_0110_720x360.jpg?disposition=attachment
2011, 11, https://climate.nasa.gov/rails/active_storage/blobs/eyJfcmFpbHMiOnsibWVzc2FnZSI6IkJBaHBBM2RmQWc9PSIsImV4cCI6bnVsbCwicHVyIjoiYmxvYl9pZCJ9fQ==--d13dc50debb85c6d426ca3136ca32671ea031765/co2_2011_11_0111_720x360.jpg?disposition=attachment
2011, 12, https://climate.nasa.gov/rails/active_storage/blobs/eyJfcmFpbHMiOnsibWVzc2FnZSI6IkJBaHBBM2hmQWc9PSIsImV4cCI6bnVsbCwicHVyIjoiYmxvYl9pZCJ9fQ==--4768cf9dda1401e70c9cd92bdfccaea2a94c96d9/co2_2011_12_0112_720x360.jpg?disposition=attachment
2012, 1, https://climate.nasa.gov/rails/active_storage/blobs/eyJfcmFpbHMiOnsibWVzc2FnZSI6IkJBaHBBM2xmQWc9PSIsImV4cCI6bnVsbCwicHVyIjoiYmxvYl9pZCJ9fQ==--5c46affe1f7557414cc9eefedf9bba3eabf20cbb/co2_2012_1_0113_720x360.jpg?disposition=attachment
2012, 2, https://climate.nasa.gov/rails/active_storage/blobs/eyJfcmFpbHMiOnsibWVzc2FnZSI6IkJBaHBBM3BmQWc9PSIsImV4cCI6bnVsbCwicHVyIjoiYmxvYl9pZCJ9fQ==--f8b60b88f15eb71a3389d20ee48f4e0834c217ff/co2_2012_2_0114_720x360.jpg?disposition=attachment
2012, 3, https://climate.nasa.gov/rails/active_storage/blobs/eyJfcmFpbHMiOnsibWVzc2FnZSI6IkJBaHBBM3RmQWc9PSIsImV4cCI6bnVsbCwicHVyIjoiYmxvYl9pZCJ9fQ==--52959a2bdf07229c41cd8d9ce30de1640b4c0eb3/co2_2012_3_0115_720x360.jpg?disposition=attachment
2012, 4, https://climate.nasa.gov/rails/active_storage/blobs/eyJfcmFpbHMiOnsibWVzc2FnZSI6IkJBaHBBM3hmQWc9PSIsImV4cCI6bnVsbCwicHVyIjoiYmxvYl9pZCJ9fQ==--7681fa58a8ccf612aec50e150d871864e0b5a02e/co2_2012_4_0116_720x360.jpg?disposition=attachment
2012, 5, https://climate.nasa.gov/rails/active_storage/blobs/eyJfcmFpbHMiOnsibWVzc2FnZSI6IkJBaHBBMzFmQWc9PSIsImV4cCI6bnVsbCwicHVyIjoiYmxvYl9pZCJ9fQ==--852435384ea703877c66fc5f3bc4fdf1f02ab95f/co2_2012_5_0117_720x360.jpg?disposition=attachment
2012, 6, https://climate.nasa.gov/rails/active_storage/blobs/eyJfcmFpbHMiOnsibWVzc2FnZSI6IkJBaHBBMzVmQWc9PSIsImV4cCI6bnVsbCwicHVyIjoiYmxvYl9pZCJ9fQ==--1ca6a87609bfd50f517d3154b7bddd00941ab704/co2_2012_6_0118_720x360.jpg?disposition=attachment
2012, 7, https://climate.nasa.gov/rails/active_storage/blobs/eyJfcmFpbHMiOnsibWVzc2FnZSI6IkJBaHBBMzlmQWc9PSIsImV4cCI6bnVsbCwicHVyIjoiYmxvYl9pZCJ9fQ==--5905848586882902280a27a0b2f048a53119f594/co2_2012_7_0119_720x360.jpg?disposition=attachment
2012, 8, https://climate.nasa.gov/rails/active_storage/blobs/eyJfcmFpbHMiOnsibWVzc2FnZSI6IkJBaHBBNEJmQWc9PSIsImV4cCI6bnVsbCwicHVyIjoiYmxvYl9pZCJ9fQ==--67035df85616b6497bc556b5a2573f30e1525e78/co2_2012_8_0120_720x360.jpg?disposition=attachment
2012, 9, https://climate.nasa.gov/rails/active_storage/blobs/eyJfcmFpbHMiOnsibWVzc2FnZSI6IkJBaHBBNEZmQWc9PSIsImV4cCI6bnVsbCwicHVyIjoiYmxvYl9pZCJ9fQ==--56215307d2f5191277876cebc4d82694dba22eb8/co2_2012_9_0121_720x360.jpg?disposition=attachment
2012, 10, https://climate.nasa.gov/rails/active_storage/blobs/eyJfcmFpbHMiOnsibWVzc2FnZSI6IkJBaHBBNEpmQWc9PSIsImV4cCI6bnVsbCwicHVyIjoiYmxvYl9pZCJ9fQ==--2d1beee62127f966ec31550b5fe39fea0132ea4b/co2_2012_10_0122_720x360.jpg?disposition=attachment
2012, 11, https://climate.nasa.gov/rails/active_storage/blobs/eyJfcmFpbHMiOnsibWVzc2FnZSI6IkJBaHBBNE5mQWc9PSIsImV4cCI6bnVsbCwicHVyIjoiYmxvYl9pZCJ9fQ==--e260206e30b447816622fab39b1ffb79ca10f894/co2_2012_11_0123_720x360.jpg?disposition=attachment
2012, 12, https://climate.nasa.gov/rails/active_storage/blobs/eyJfcmFpbHMiOnsibWVzc2FnZSI6IkJBaHBBNFJmQWc9PSIsImV4cCI6bnVsbCwicHVyIjoiYmxvYl9pZCJ9fQ==--fa55c1b700b6f44886a7c922855653862d72129a/co2_2012_12_0124_720x360.jpg?disposition=attachment
2013, 1, https://climate.nasa.gov/rails/active_storage/blobs/eyJfcmFpbHMiOnsibWVzc2FnZSI6IkJBaHBBNFZmQWc9PSIsImV4cCI6bnVsbCwicHVyIjoiYmxvYl9pZCJ9fQ==--6f00714a7a78ee3f2b30d573c5ef044d64bd5681/co2_2013_1_0125_720x360.jpg?disposition=attachment
2013, 2, https://climate.nasa.gov/rails/active_storage/blobs/eyJfcmFpbHMiOnsibWVzc2FnZSI6IkJBaHBBNFpmQWc9PSIsImV4cCI6bnVsbCwicHVyIjoiYmxvYl9pZCJ9fQ==--f0bf5b54c47255e7550888f723b42e630a753708/co2_2013_2_0126_720x360.jpg?disposition=attachment
2013, 3, https://climate.nasa.gov/rails/active_storage/blobs/eyJfcmFpbHMiOnsibWVzc2FnZSI6IkJBaHBBNGRmQWc9PSIsImV4cCI6bnVsbCwicHVyIjoiYmxvYl9pZCJ9fQ==--a626ac016cdbd2a867b10a2eee0e03e0f53fab81/co2_2013_3_0127_720x360.jpg?disposition=attachment
2013, 4, https://climate.nasa.gov/rails/active_storage/blobs/eyJfcmFpbHMiOnsibWVzc2FnZSI6IkJBaHBBNGhmQWc9PSIsImV4cCI6bnVsbCwicHVyIjoiYmxvYl9pZCJ9fQ==--7ded9108f74a815cd8588059482d522fbc028166/co2_2013_4_0128_720x360.jpg?disposition=attachment
2013, 5, https://climate.nasa.gov/rails/active_storage/blobs/eyJfcmFpbHMiOnsibWVzc2FnZSI6IkJBaHBBNGxmQWc9PSIsImV4cCI6bnVsbCwicHVyIjoiYmxvYl9pZCJ9fQ==--2e770cbed09e0910c1827fcc2efff38b8325620b/co2_2013_5_0129_720x360.jpg?disposition=attachment
2013, 6, https://climate.nasa.gov/rails/active_storage/blobs/eyJfcmFpbHMiOnsibWVzc2FnZSI6IkJBaHBBNHBmQWc9PSIsImV4cCI6bnVsbCwicHVyIjoiYmxvYl9pZCJ9fQ==--c91914fd0faa79a0d65125fab725a126cf659cf5/co2_2013_6_0130_720x360.jpg?disposition=attachment
2013, 7, https://climate.nasa.gov/rails/active_storage/blobs/eyJfcmFpbHMiOnsibWVzc2FnZSI6IkJBaHBBNHRmQWc9PSIsImV4cCI6bnVsbCwicHVyIjoiYmxvYl9pZCJ9fQ==--2e056321b3b02f2b819574fe6c63445a54eec93b/co2_2013_7_0131_720x360.jpg?disposition=attachment
2013, 8, https://climate.nasa.gov/rails/active_storage/blobs/eyJfcmFpbHMiOnsibWVzc2FnZSI6IkJBaHBBNHhmQWc9PSIsImV4cCI6bnVsbCwicHVyIjoiYmxvYl9pZCJ9fQ==--ecdb7107f5418aff41e85dac2bfb2db748982962/co2_2013_8_0132_720x360.jpg?disposition=attachment
2013, 9, https://climate.nasa.gov/rails/active_storage/blobs/eyJfcmFpbHMiOnsibWVzc2FnZSI6IkJBaHBBNDFmQWc9PSIsImV4cCI6bnVsbCwicHVyIjoiYmxvYl9pZCJ9fQ==--32ce8925e9a3dfab4a8a5cbbc9fe6b5b7791b3d0/co2_2013_9_0133_720x360.jpg?disposition=attachment
2013, 10, https://climate.nasa.gov/rails/active_storage/blobs/eyJfcmFpbHMiOnsibWVzc2FnZSI6IkJBaHBBNDVmQWc9PSIsImV4cCI6bnVsbCwicHVyIjoiYmxvYl9pZCJ9fQ==--ddf808c83747499da0d9491cec76c4ce37a947e1/co2_2013_10_0134_720x360.jpg?disposition=attachment
2013, 11, https://climate.nasa.gov/rails/active_storage/blobs/eyJfcmFpbHMiOnsibWVzc2FnZSI6IkJBaHBBNDlmQWc9PSIsImV4cCI6bnVsbCwicHVyIjoiYmxvYl9pZCJ9fQ==--3528070f716d041816269db26e819c8acaafa0de/co2_2013_11_0135_720x360.jpg?disposition=attachment
2013, 12, https://climate.nasa.gov/rails/active_storage/blobs/eyJfcmFpbHMiOnsibWVzc2FnZSI6IkJBaHBBNUJmQWc9PSIsImV4cCI6bnVsbCwicHVyIjoiYmxvYl9pZCJ9fQ==--a03f3ae14ecb456b74f687f3015bfb1e1b03f3fd/co2_2013_12_0136_720x360.jpg?disposition=attachment
2014, 1, https://climate.nasa.gov/rails/active_storage/blobs/eyJfcmFpbHMiOnsibWVzc2FnZSI6IkJBaHBBNUZmQWc9PSIsImV4cCI6bnVsbCwicHVyIjoiYmxvYl9pZCJ9fQ==--0ff9d7f39be6b8fd996686265d631b4c582bfa4d/co2_2014_1_0137_720x360.jpg?disposition=attachment
2014, 2, https://climate.nasa.gov/rails/active_storage/blobs/eyJfcmFpbHMiOnsibWVzc2FnZSI6IkJBaHBBNUpmQWc9PSIsImV4cCI6bnVsbCwicHVyIjoiYmxvYl9pZCJ9fQ==--16c238a2c5f526a96c7727cd9b5f7591845c65ee/co2_2014_2_0138_720x360.jpg?disposition=attachment
2014, 3, https://climate.nasa.gov/rails/active_storage/blobs/eyJfcmFpbHMiOnsibWVzc2FnZSI6IkJBaHBBNU5mQWc9PSIsImV4cCI6bnVsbCwicHVyIjoiYmxvYl9pZCJ9fQ==--839a633d427c372519cba6e1c93d29003d3fdc9e/co2_2014_3_0139_720x360.jpg?disposition=attachment
2014, 4, https://climate.nasa.gov/rails/active_storage/blobs/eyJfcmFpbHMiOnsibWVzc2FnZSI6IkJBaHBBNVJmQWc9PSIsImV4cCI6bnVsbCwicHVyIjoiYmxvYl9pZCJ9fQ==--620c5bc0cb50f2a5f6e22d164fe2a07194698267/co2_2014_4_0140_720x360.jpg?disposition=attachment
2014, 5, https://climate.nasa.gov/rails/active_storage/blobs/eyJfcmFpbHMiOnsibWVzc2FnZSI6IkJBaHBBNVZmQWc9PSIsImV4cCI6bnVsbCwicHVyIjoiYmxvYl9pZCJ9fQ==--9854de1bcbcef60b5f7aa25b15b2d1a877690032/co2_2014_5_0141_720x360.jpg?disposition=attachment
2014, 6, https://climate.nasa.gov/rails/active_storage/blobs/eyJfcmFpbHMiOnsibWVzc2FnZSI6IkJBaHBBNVpmQWc9PSIsImV4cCI6bnVsbCwicHVyIjoiYmxvYl9pZCJ9fQ==--8dbe008501953a826e73f7f199f55807908c4fc4/co2_2014_6_0142_720x360.jpg?disposition=attachment
2014, 7, https://climate.nasa.gov/rails/active_storage/blobs/eyJfcmFpbHMiOnsibWVzc2FnZSI6IkJBaHBBNWRmQWc9PSIsImV4cCI6bnVsbCwicHVyIjoiYmxvYl9pZCJ9fQ==--983de15c3eaa71e177a99e82bdfd5da723a6f1f0/co2_2014_7_0143_720x360.jpg?disposition=attachment
2014, 8, https://climate.nasa.gov/rails/active_storage/blobs/eyJfcmFpbHMiOnsibWVzc2FnZSI6IkJBaHBBNWhmQWc9PSIsImV4cCI6bnVsbCwicHVyIjoiYmxvYl9pZCJ9fQ==--f8fc0b7521b8c3f94df21049ec8007664e14c1e5/co2_2014_8_0144_720x360.jpg?disposition=attachment
2014, 9, https://climate.nasa.gov/rails/active_storage/blobs/eyJfcmFpbHMiOnsibWVzc2FnZSI6IkJBaHBBNWxmQWc9PSIsImV4cCI6bnVsbCwicHVyIjoiYmxvYl9pZCJ9fQ==--9146007e5a56c5c49d64b0501eb0ce73052354cf/co2_2014_9_0145_720x360.jpg?disposition=attachment
2014, 10, https://climate.nasa.gov/rails/active_storage/blobs/eyJfcmFpbHMiOnsibWVzc2FnZSI6IkJBaHBBNXBmQWc9PSIsImV4cCI6bnVsbCwicHVyIjoiYmxvYl9pZCJ9fQ==--8656871d245cd1f5cd7d18d0b3e07e6f0836de25/co2_2014_10_0146_720x360.jpg?disposition=attachment
2014, 11, https://climate.nasa.gov/rails/active_storage/blobs/eyJfcmFpbHMiOnsibWVzc2FnZSI6IkJBaHBBNXRmQWc9PSIsImV4cCI6bnVsbCwicHVyIjoiYmxvYl9pZCJ9fQ==--86d8765c087f55706abfff4fad9bc70aaff96458/co2_2014_11_0147_720x360.jpg?disposition=attachment
2014, 12, https://climate.nasa.gov/rails/active_storage/blobs/eyJfcmFpbHMiOnsibWVzc2FnZSI6IkJBaHBBNXhmQWc9PSIsImV4cCI6bnVsbCwicHVyIjoiYmxvYl9pZCJ9fQ==--0c9c7d76a12bd7b4b2f32a96015aa98d6a18520d/co2_2014_12_0148_720x360.jpg?disposition=attachment
2015, 1, https://climate.nasa.gov/rails/active_storage/blobs/eyJfcmFpbHMiOnsibWVzc2FnZSI6IkJBaHBBNTFmQWc9PSIsImV4cCI6bnVsbCwicHVyIjoiYmxvYl9pZCJ9fQ==--31d0ca3b012bbaba22540df2fce59f1f92f54fe9/co2_2015_1_0149_720x360.jpg?disposition=attachment
2015, 2, https://climate.nasa.gov/rails/active_storage/blobs/eyJfcmFpbHMiOnsibWVzc2FnZSI6IkJBaHBBNTVmQWc9PSIsImV4cCI6bnVsbCwicHVyIjoiYmxvYl9pZCJ9fQ==--29984f3ac29f00c972739292181a5c7e218e7e2b/co2_2015_2_0150_720x360.jpg?disposition=attachment
2015, 3, https://climate.nasa.gov/rails/active_storage/blobs/eyJfcmFpbHMiOnsibWVzc2FnZSI6IkJBaHBBNTlmQWc9PSIsImV4cCI6bnVsbCwicHVyIjoiYmxvYl9pZCJ9fQ==--ede840a9700c0de959f35a9a6b992646eadd4ecf/co2_2015_3_0151_720x360.jpg?disposition=attachment
2015, 4, https://climate.nasa.gov/rails/active_storage/blobs/eyJfcmFpbHMiOnsibWVzc2FnZSI6IkJBaHBBNkJmQWc9PSIsImV4cCI6bnVsbCwicHVyIjoiYmxvYl9pZCJ9fQ==--fc29bb8d8cdcb4df9a34e700d328737e02f33d5c/co2_2015_4_0152_720x360.jpg?disposition=attachment
2015, 5, https://climate.nasa.gov/rails/active_storage/blobs/eyJfcmFpbHMiOnsibWVzc2FnZSI6IkJBaHBBNkZmQWc9PSIsImV4cCI6bnVsbCwicHVyIjoiYmxvYl9pZCJ9fQ==--4dd6d68ccf64167bf8bd3d3da628d3e9df7f3aff/co2_2015_5_0153_720x360.jpg?disposition=attachment
2015, 6, https://climate.nasa.gov/rails/active_storage/blobs/eyJfcmFpbHMiOnsibWVzc2FnZSI6IkJBaHBBNkpmQWc9PSIsImV4cCI6bnVsbCwicHVyIjoiYmxvYl9pZCJ9fQ==--998127461f00ae5c92e4e9a8f89d0dae735e1f65/co2_2015_6_0154_720x360.jpg?disposition=attachment
2015, 7, https://climate.nasa.gov/rails/active_storage/blobs/eyJfcmFpbHMiOnsibWVzc2FnZSI6IkJBaHBBNk5mQWc9PSIsImV4cCI6bnVsbCwicHVyIjoiYmxvYl9pZCJ9fQ==--58ea1dca22a68ff016ab433b56035bf0fd5f305c/co2_2015_7_0155_720x360.jpg?disposition=attachment
2015, 8, https://climate.nasa.gov/rails/active_storage/blobs/eyJfcmFpbHMiOnsibWVzc2FnZSI6IkJBaHBBNlJmQWc9PSIsImV4cCI6bnVsbCwicHVyIjoiYmxvYl9pZCJ9fQ==--4971f6c0fcf1efbde9cbfda8378ee60e723349ac/co2_2015_8_0156_720x360.jpg?disposition=attachment
2015, 9, https://climate.nasa.gov/rails/active_storage/blobs/eyJfcmFpbHMiOnsibWVzc2FnZSI6IkJBaHBBNlZmQWc9PSIsImV4cCI6bnVsbCwicHVyIjoiYmxvYl9pZCJ9fQ==--372ba747c2101cb08eeea910cf34821eeaa8bb16/co2_2015_9_0157_720x360.jpg?disposition=attachment
2015, 10, https://climate.nasa.gov/rails/active_storage/blobs/eyJfcmFpbHMiOnsibWVzc2FnZSI6IkJBaHBBNlpmQWc9PSIsImV4cCI6bnVsbCwicHVyIjoiYmxvYl9pZCJ9fQ==--facd3c4953b0a4f98276e7540151f17cdb070023/co2_2015_10_0158_720x360.jpg?disposition=attachment
2015, 11, https://climate.nasa.gov/rails/active_storage/blobs/eyJfcmFpbHMiOnsibWVzc2FnZSI6IkJBaHBBNmRmQWc9PSIsImV4cCI6bnVsbCwicHVyIjoiYmxvYl9pZCJ9fQ==--1d026c58b0fea46aa125fd7570bae54d0f956416/co2_2015_11_0159_720x360.jpg?disposition=attachment
2015, 12, https://climate.nasa.gov/rails/active_storage/blobs/eyJfcmFpbHMiOnsibWVzc2FnZSI6IkJBaHBBNmhmQWc9PSIsImV4cCI6bnVsbCwicHVyIjoiYmxvYl9pZCJ9fQ==--f29cf9fce34775d068b46220e77b52097e2084e5/co2_2015_12_0160_720x360.jpg?disposition=attachment
2016, 1, https://climate.nasa.gov/rails/active_storage/blobs/eyJfcmFpbHMiOnsibWVzc2FnZSI6IkJBaHBBNmxmQWc9PSIsImV4cCI6bnVsbCwicHVyIjoiYmxvYl9pZCJ9fQ==--43403cfbe91c969fafd1bf771d26eec6d14a334a/co2_2016_1_0161_720x360.jpg?disposition=attachment
2016, 2, https://climate.nasa.gov/rails/active_storage/blobs/eyJfcmFpbHMiOnsibWVzc2FnZSI6IkJBaHBBNnBmQWc9PSIsImV4cCI6bnVsbCwicHVyIjoiYmxvYl9pZCJ9fQ==--f30609407190052af6cfebde49d7091acb23cba8/co2_2016_2_0162_720x360.jpg?disposition=attachment
2016, 3, https://climate.nasa.gov/rails/active_storage/blobs/eyJfcmFpbHMiOnsibWVzc2FnZSI6IkJBaHBBNnRmQWc9PSIsImV4cCI6bnVsbCwicHVyIjoiYmxvYl9pZCJ9fQ==--30d053680dcb6c0ff4faaf13d3fd13aa3be86316/co2_2016_3_0163_720x360.jpg?disposition=attachment
2016, 4, https://climate.nasa.gov/rails/active_storage/blobs/eyJfcmFpbHMiOnsibWVzc2FnZSI6IkJBaHBBNnhmQWc9PSIsImV4cCI6bnVsbCwicHVyIjoiYmxvYl9pZCJ9fQ==--6ae18fa28f720d572306f8facab73f1fd5176e8e/co2_2016_4_0164_720x360.jpg?disposition=attachment
2016, 5, https://climate.nasa.gov/rails/active_storage/blobs/eyJfcmFpbHMiOnsibWVzc2FnZSI6IkJBaHBBNjFmQWc9PSIsImV4cCI6bnVsbCwicHVyIjoiYmxvYl9pZCJ9fQ==--d5ae6a495d8e7f5e0a9f47ef0cc78c2e8afe95b4/co2_2016_5_0165_720x360.jpg?disposition=attachment
2016, 6, https://climate.nasa.gov/rails/active_storage/blobs/eyJfcmFpbHMiOnsibWVzc2FnZSI6IkJBaHBBNjVmQWc9PSIsImV4cCI6bnVsbCwicHVyIjoiYmxvYl9pZCJ9fQ==--91f9dfb9d362bd0b87d0db146c1f3fc6b28d1ae0/co2_2016_6_0166_720x360.jpg?disposition=attachment
2016, 7, https://climate.nasa.gov/rails/active_storage/blobs/eyJfcmFpbHMiOnsibWVzc2FnZSI6IkJBaHBBNjlmQWc9PSIsImV4cCI6bnVsbCwicHVyIjoiYmxvYl9pZCJ9fQ==--d54ca6401cc5ba193d82d8def0c181ef464bbb8b/co2_2016_7_0167_720x360.jpg?disposition=attachment
2016, 8, https://climate.nasa.gov/rails/active_storage/blobs/eyJfcmFpbHMiOnsibWVzc2FnZSI6IkJBaHBBN0JmQWc9PSIsImV4cCI6bnVsbCwicHVyIjoiYmxvYl9pZCJ9fQ==--2fa49f43de9fdb0e869c7d2505185f13700286aa/co2_2016_8_0168_720x360.jpg?disposition=attachment
2016, 9, https://climate.nasa.gov/rails/active_storage/blobs/eyJfcmFpbHMiOnsibWVzc2FnZSI6IkJBaHBBN0ZmQWc9PSIsImV4cCI6bnVsbCwicHVyIjoiYmxvYl9pZCJ9fQ==--b72c299cb576f6671ab1f5e19baf94ad5bc36ed0/co2_2016_9_0169_720x360.jpg?disposition=attachment
2016, 10, https://climate.nasa.gov/rails/active_storage/blobs/eyJfcmFpbHMiOnsibWVzc2FnZSI6IkJBaHBBN0pmQWc9PSIsImV4cCI6bnVsbCwicHVyIjoiYmxvYl9pZCJ9fQ==--ed4fe3683e0423a63c4417cfb07761deb9b72f83/co2_2016_10_0170_720x360.jpg?disposition=attachment
2016, 11, https://climate.nasa.gov/rails/active_storage/blobs/eyJfcmFpbHMiOnsibWVzc2FnZSI6IkJBaHBBN05mQWc9PSIsImV4cCI6bnVsbCwicHVyIjoiYmxvYl9pZCJ9fQ==--3f37a5b2d883a2cc51d70f4fb426e91d7d1edd59/co2_2016_11_0171_720x360.jpg?disposition=attachment
2016, 12, https://climate.nasa.gov/rails/active_storage/blobs/eyJfcmFpbHMiOnsibWVzc2FnZSI6IkJBaHBBN1JmQWc9PSIsImV4cCI6bnVsbCwicHVyIjoiYmxvYl9pZCJ9fQ==--1f403c558c33fbeef39803a8139b3c89f99c7806/co2_2016_12_0172_720x360.jpg?disposition=attachment
2017, 1, https://climate.nasa.gov/rails/active_storage/blobs/eyJfcmFpbHMiOnsibWVzc2FnZSI6IkJBaHBBN1ZmQWc9PSIsImV4cCI6bnVsbCwicHVyIjoiYmxvYl9pZCJ9fQ==--1a1141cfe3915a1535bee638072b9023af525620/co2_2017_1_0173_720x360.jpg?disposition=attachment
2017, 2, https://climate.nasa.gov/rails/active_storage/blobs/eyJfcmFpbHMiOnsibWVzc2FnZSI6IkJBaHBBN1pmQWc9PSIsImV4cCI6bnVsbCwicHVyIjoiYmxvYl9pZCJ9fQ==--865d6a61a9dad09e859c6c6d983247a0a13afc1a/co2_2017_2_0174_720x360.jpg?disposition=attachment
2017, 3, https://climate.nasa.gov/rails/active_storage/blobs/eyJfcmFpbHMiOnsibWVzc2FnZSI6IkJBaHBBN2RmQWc9PSIsImV4cCI6bnVsbCwicHVyIjoiYmxvYl9pZCJ9fQ==--9dd87d5aa31251fc3a91e955083c125dd98e18a3/co2_2017_3_0175_720x360.jpg?disposition=attachment
2017, 4, https://climate.nasa.gov/rails/active_storage/blobs/eyJfcmFpbHMiOnsibWVzc2FnZSI6IkJBaHBBN2hmQWc9PSIsImV4cCI6bnVsbCwicHVyIjoiYmxvYl9pZCJ9fQ==--3d718495d0f6b4f28e71fd5c951447a97550282b/co2_2017_4_0176_720x360.jpg?disposition=attachment
2017, 5, https://climate.nasa.gov/rails/active_storage/blobs/eyJfcmFpbHMiOnsibWVzc2FnZSI6IkJBaHBBN2xmQWc9PSIsImV4cCI6bnVsbCwicHVyIjoiYmxvYl9pZCJ9fQ==--968da6c6eecfc710350c1b348e51491f242b08ca/co2_2017_5_0177_720x360.jpg?disposition=attachment
2017, 6, https://climate.nasa.gov/rails/active_storage/blobs/eyJfcmFpbHMiOnsibWVzc2FnZSI6IkJBaHBBN3BmQWc9PSIsImV4cCI6bnVsbCwicHVyIjoiYmxvYl9pZCJ9fQ==--76b38f6aeb5a7ab4fd7cdc1660b0354f14602d8a/co2_2017_6_0178_720x360.jpg?disposition=attachment
2017, 7, https://climate.nasa.gov/rails/active_storage/blobs/eyJfcmFpbHMiOnsibWVzc2FnZSI6IkJBaHBBN3RmQWc9PSIsImV4cCI6bnVsbCwicHVyIjoiYmxvYl9pZCJ9fQ==--d206ec2586eef624528debcbb19bdc0c0e524590/co2_2017_7_0179_720x360.jpg?disposition=attachment
2017, 8, https://climate.nasa.gov/rails/active_storage/blobs/eyJfcmFpbHMiOnsibWVzc2FnZSI6IkJBaHBBN3hmQWc9PSIsImV4cCI6bnVsbCwicHVyIjoiYmxvYl9pZCJ9fQ==--891120457df9c38404eddcebdc7a48ebb78f4b91/co2_2017_8_0180_720x360.jpg?disposition=attachment
2017, 9, https://climate.nasa.gov/rails/active_storage/blobs/eyJfcmFpbHMiOnsibWVzc2FnZSI6IkJBaHBBNzFmQWc9PSIsImV4cCI6bnVsbCwicHVyIjoiYmxvYl9pZCJ9fQ==--2ad7812859c02969effc48c05b31eca2342ce895/co2_2017_9_0181_720x360.jpg?disposition=attachment
2017, 10, https://climate.nasa.gov/rails/active_storage/blobs/eyJfcmFpbHMiOnsibWVzc2FnZSI6IkJBaHBBNzVmQWc9PSIsImV4cCI6bnVsbCwicHVyIjoiYmxvYl9pZCJ9fQ==--168c23f5d6724db902cda54bb3a1a1e6de40aff7/co2_2017_10_0182_720x360.jpg?disposition=attachment
2017, 11, https://climate.nasa.gov/rails/active_storage/blobs/eyJfcmFpbHMiOnsibWVzc2FnZSI6IkJBaHBBNzlmQWc9PSIsImV4cCI6bnVsbCwicHVyIjoiYmxvYl9pZCJ9fQ==--3d7ea5589626ee5b96cf2b4571586a7dbaff71b6/co2_2017_11_0183_720x360.jpg?disposition=attachment
2017, 12, https://climate.nasa.gov/rails/active_storage/blobs/eyJfcmFpbHMiOnsibWVzc2FnZSI6IkJBaHBBOEJmQWc9PSIsImV4cCI6bnVsbCwicHVyIjoiYmxvYl9pZCJ9fQ==--9417426778c4e60136c50989a88026dea3128bfe/co2_2017_12_0184_720x360.jpg?disposition=attachment
2018, 1, https://climate.nasa.gov/rails/active_storage/blobs/eyJfcmFpbHMiOnsibWVzc2FnZSI6IkJBaHBBOEZmQWc9PSIsImV4cCI6bnVsbCwicHVyIjoiYmxvYl9pZCJ9fQ==--60235fc43a1a97701822a3bcdc13e391af813b38/co2_2018_1_0185_720x360.jpg?disposition=attachment
2018, 2, https://climate.nasa.gov/rails/active_storage/blobs/eyJfcmFpbHMiOnsibWVzc2FnZSI6IkJBaHBBOEpmQWc9PSIsImV4cCI6bnVsbCwicHVyIjoiYmxvYl9pZCJ9fQ==--b87c72df344c6786f6d6e294a2fc867ecc1d59e0/co2_2018_2_0186_720x360.jpg?disposition=attachment
2018, 3, https://climate.nasa.gov/rails/active_storage/blobs/eyJfcmFpbHMiOnsibWVzc2FnZSI6IkJBaHBBOE5mQWc9PSIsImV4cCI6bnVsbCwicHVyIjoiYmxvYl9pZCJ9fQ==--53a92a06fba779b215af0a7f6e9e546c3310f134/co2_2018_3_0187_720x360.jpg?disposition=attachment
2018, 4, https://climate.nasa.gov/rails/active_storage/blobs/eyJfcmFpbHMiOnsibWVzc2FnZSI6IkJBaHBBOFJmQWc9PSIsImV4cCI6bnVsbCwicHVyIjoiYmxvYl9pZCJ9fQ==--4b70a99228d4a40a729cdaac68636c1d2d4246b6/co2_2018_4_0188_720x360.jpg?disposition=attachment
2018, 5, https://climate.nasa.gov/rails/active_storage/blobs/eyJfcmFpbHMiOnsibWVzc2FnZSI6IkJBaHBBOFZmQWc9PSIsImV4cCI6bnVsbCwicHVyIjoiYmxvYl9pZCJ9fQ==--20cf16d5f444794a605d3a6c134f988de4fb9ded/co2_2018_5_0189_720x360.jpg?disposition=attachment
2018, 6, https://climate.nasa.gov/rails/active_storage/blobs/eyJfcmFpbHMiOnsibWVzc2FnZSI6IkJBaHBBOFpmQWc9PSIsImV4cCI6bnVsbCwicHVyIjoiYmxvYl9pZCJ9fQ==--827b71ff8ef99af5101b0a17b0dfabf83c5df6e9/co2_2018_6_0190_720x360.jpg?disposition=attachment
2018, 7, https://climate.nasa.gov/rails/active_storage/blobs/eyJfcmFpbHMiOnsibWVzc2FnZSI6IkJBaHBBOGRmQWc9PSIsImV4cCI6bnVsbCwicHVyIjoiYmxvYl9pZCJ9fQ==--a7dd9990b5c09cdf43cc67e35f56832f3e222e3a/co2_2018_7_0191_720x360.jpg?disposition=attachment
2018, 8, https://climate.nasa.gov/rails/active_storage/blobs/eyJfcmFpbHMiOnsibWVzc2FnZSI6IkJBaHBBOGhmQWc9PSIsImV4cCI6bnVsbCwicHVyIjoiYmxvYl9pZCJ9fQ==--5b0b2b4d515aad9cf825803600f899861ccb32fd/co2_2018_8_0192_720x360.jpg?disposition=attachment
2018, 9, https://climate.nasa.gov/rails/active_storage/blobs/eyJfcmFpbHMiOnsibWVzc2FnZSI6IkJBaHBBOGxmQWc9PSIsImV4cCI6bnVsbCwicHVyIjoiYmxvYl9pZCJ9fQ==--91086f05c6efde02e477dbd360694bda8510e9ac/co2_2018_9_0193_720x360.jpg?disposition=attachment
2018, 10, https://climate.nasa.gov/rails/active_storage/blobs/eyJfcmFpbHMiOnsibWVzc2FnZSI6IkJBaHBBOHBmQWc9PSIsImV4cCI6bnVsbCwicHVyIjoiYmxvYl9pZCJ9fQ==--bc9f9265e8556dd2c262b249bfe49129f1919edc/co2_2018_10_0194_720x360.jpg?disposition=attachment
2018, 11, https://climate.nasa.gov/rails/active_storage/blobs/eyJfcmFpbHMiOnsibWVzc2FnZSI6IkJBaHBBOHRmQWc9PSIsImV4cCI6bnVsbCwicHVyIjoiYmxvYl9pZCJ9fQ==--bdcf4f101e2a9b8f6dd27e4551e6596d4db9de8b/co2_2018_11_0195_720x360.jpg?disposition=attachment
2018, 12, https://climate.nasa.gov/rails/active_storage/blobs/eyJfcmFpbHMiOnsibWVzc2FnZSI6IkJBaHBBOHhmQWc9PSIsImV4cCI6bnVsbCwicHVyIjoiYmxvYl9pZCJ9fQ==--9b9b0885fd5198d444f803b0ae95c3824d03ed34/co2_2018_12_0196_720x360.jpg?disposition=attachment
2019, 1, https://climate.nasa.gov/rails/active_storage/blobs/eyJfcmFpbHMiOnsibWVzc2FnZSI6IkJBaHBBODFmQWc9PSIsImV4cCI6bnVsbCwicHVyIjoiYmxvYl9pZCJ9fQ==--ffd74ab3c7b5ab0a535b56e4a036e2d6f1fcfdd1/co2_2019_1_0197_720x360.jpg?disposition=attachment
2019, 2, https://climate.nasa.gov/rails/active_storage/blobs/eyJfcmFpbHMiOnsibWVzc2FnZSI6IkJBaHBBODVmQWc9PSIsImV4cCI6bnVsbCwicHVyIjoiYmxvYl9pZCJ9fQ==--386e23efda160c8b81b188c1b2359f7e43048052/co2_2019_2_0198_720x360.jpg?disposition=attachment
2019, 3, https://climate.nasa.gov/rails/active_storage/blobs/eyJfcmFpbHMiOnsibWVzc2FnZSI6IkJBaHBBODlmQWc9PSIsImV4cCI6bnVsbCwicHVyIjoiYmxvYl9pZCJ9fQ==--8fc9d6c962178207f8ff6c4637daf1e4268d7abb/co2_2019_3_0199_720x360.jpg?disposition=attachment
2019, 4, https://climate.nasa.gov/rails/active_storage/blobs/eyJfcmFpbHMiOnsibWVzc2FnZSI6IkJBaHBBOUJmQWc9PSIsImV4cCI6bnVsbCwicHVyIjoiYmxvYl9pZCJ9fQ==--5ed6601b5b21fa0341efba77e77b975b5c1080b1/co2_2019_4_0200_720x360.jpg?disposition=attachment
2019, 5, https://climate.nasa.gov/rails/active_storage/blobs/eyJfcmFpbHMiOnsibWVzc2FnZSI6IkJBaHBBOUZmQWc9PSIsImV4cCI6bnVsbCwicHVyIjoiYmxvYl9pZCJ9fQ==--9c68223ea6041d2f13ffe73ef516b735bd856b5c/co2_2019_5_0201_720x360.jpg?disposition=attachment
2019, 6, https://climate.nasa.gov/rails/active_storage/blobs/eyJfcmFpbHMiOnsibWVzc2FnZSI6IkJBaHBBOUpmQWc9PSIsImV4cCI6bnVsbCwicHVyIjoiYmxvYl9pZCJ9fQ==--dcaf996cfa0231bf8af81c64cefa426abb29f2b9/co2_2019_6_0202_720x360.jpg?disposition=attachment
2019, 7, https://climate.nasa.gov/rails/active_storage/blobs/eyJfcmFpbHMiOnsibWVzc2FnZSI6IkJBaHBBOU5mQWc9PSIsImV4cCI6bnVsbCwicHVyIjoiYmxvYl9pZCJ9fQ==--b1d8c4712ffad1c89c723a184fbf37f544c3ac0d/co2_2019_7_0203_720x360.jpg?disposition=attachment
2019, 8, https://climate.nasa.gov/rails/active_storage/blobs/eyJfcmFpbHMiOnsibWVzc2FnZSI6IkJBaHBBOVJmQWc9PSIsImV4cCI6bnVsbCwicHVyIjoiYmxvYl9pZCJ9fQ==--5885931b5c2983900602fb5c486010858d0afd9d/co2_2019_8_0204_720x360.jpg?disposition=attachment
2019, 9, https://climate.nasa.gov/rails/active_storage/blobs/eyJfcmFpbHMiOnsibWVzc2FnZSI6IkJBaHBBOVZmQWc9PSIsImV4cCI6bnVsbCwicHVyIjoiYmxvYl9pZCJ9fQ==--7d0580d629e7d4afd97fbdcdf4c40af956f84d4c/co2_2019_9_0205_720x360.jpg?disposition=attachment
2019, 10, https://climate.nasa.gov/rails/active_storage/blobs/eyJfcmFpbHMiOnsibWVzc2FnZSI6IkJBaHBBOVpmQWc9PSIsImV4cCI6bnVsbCwicHVyIjoiYmxvYl9pZCJ9fQ==--5e95e8199c1bce49655f065d479286108100fcf5/co2_2019_10_0206_720x360.jpg?disposition=attachment
2019, 11, https://climate.nasa.gov/rails/active_storage/blobs/eyJfcmFpbHMiOnsibWVzc2FnZSI6IkJBaHBBOWRmQWc9PSIsImV4cCI6bnVsbCwicHVyIjoiYmxvYl9pZCJ9fQ==--63fdef326eb3ba8b28e139a9f595f0addbb6649c/co2_2019_11_0207_720x360.jpg?disposition=attachment
2019, 12, https://climate.nasa.gov/rails/active_storage/blobs/eyJfcmFpbHMiOnsibWVzc2FnZSI6IkJBaHBBOWhmQWc9PSIsImV4cCI6bnVsbCwicHVyIjoiYmxvYl9pZCJ9fQ==--2a0c7c4230ab9ec48e313fa690170065de02581d/co2_2019_12_0208_720x360.jpg?disposition=attachment
2020, 1, https://climate.nasa.gov/rails/active_storage/blobs/eyJfcmFpbHMiOnsibWVzc2FnZSI6IkJBaHBBOWxmQWc9PSIsImV4cCI6bnVsbCwicHVyIjoiYmxvYl9pZCJ9fQ==--33f84ca49692e07b514f71ecfadd700c300fc238/co2_2020_1_0209_720x360.jpg?disposition=attachment
2020, 2, https://climate.nasa.gov/rails/active_storage/blobs/eyJfcmFpbHMiOnsibWVzc2FnZSI6IkJBaHBBOXBmQWc9PSIsImV4cCI6bnVsbCwicHVyIjoiYmxvYl9pZCJ9fQ==--ec9a2debef8eaf1354b27bafc249eb6c7ad5fb9b/co2_2020_2_0210_720x360.jpg?disposition=attachment
2020, 3, https://climate.nasa.gov/rails/active_storage/blobs/eyJfcmFpbHMiOnsibWVzc2FnZSI6IkJBaHBBOXRmQWc9PSIsImV4cCI6bnVsbCwicHVyIjoiYmxvYl9pZCJ9fQ==--815da3582596795018eb2e990a745210913a508f/co2_2020_3_0211_720x360.jpg?disposition=attachment
2020, 4, https://climate.nasa.gov/rails/active_storage/blobs/eyJfcmFpbHMiOnsibWVzc2FnZSI6IkJBaHBBOXhmQWc9PSIsImV4cCI6bnVsbCwicHVyIjoiYmxvYl9pZCJ9fQ==--de0288ede8ccefff8f4c92597dc4247be531a72b/co2_2020_4_0212_720x360.jpg?disposition=attachment
2020, 5, https://climate.nasa.gov/rails/active_storage/blobs/eyJfcmFpbHMiOnsibWVzc2FnZSI6IkJBaHBBOTFmQWc9PSIsImV4cCI6bnVsbCwicHVyIjoiYmxvYl9pZCJ9fQ==--d71a669589dffe7b2874763fac4f90131e84a305/co2_2020_5_0213_720x360.jpg?disposition=attachment
2020, 6, https://climate.nasa.gov/rails/active_storage/blobs/eyJfcmFpbHMiOnsibWVzc2FnZSI6IkJBaHBBOTVmQWc9PSIsImV4cCI6bnVsbCwicHVyIjoiYmxvYl9pZCJ9fQ==--eda073383c7ca44802a883a9137a7dcd0f75d93b/co2_2020_6_0214_720x360.jpg?disposition=attachment
2020, 7, https://climate.nasa.gov/rails/active_storage/blobs/eyJfcmFpbHMiOnsibWVzc2FnZSI6IkJBaHBBOTlmQWc9PSIsImV4cCI6bnVsbCwicHVyIjoiYmxvYl9pZCJ9fQ==--3871ce3b4572b05b9d82d04a60b816673525a208/co2_2020_7_0215_720x360.jpg?disposition=attachment
2020, 8, https://climate.nasa.gov/rails/active_storage/blobs/eyJfcmFpbHMiOnsibWVzc2FnZSI6IkJBaHBBK0JmQWc9PSIsImV4cCI6bnVsbCwicHVyIjoiYmxvYl9pZCJ9fQ==--92250eae2a09b06e86b14d94fa9af60350a4d2be/co2_2020_8_0216_720x360.jpg?disposition=attachment
2020, 9, https://climate.nasa.gov/rails/active_storage/blobs/eyJfcmFpbHMiOnsibWVzc2FnZSI6IkJBaHBBK0ZmQWc9PSIsImV4cCI6bnVsbCwicHVyIjoiYmxvYl9pZCJ9fQ==--466f3bcdf2bc71087f41f342a9a03dbb3352e8a7/co2_2020_9_0217_720x360.jpg?disposition=attachment
2020, 10, https://climate.nasa.gov/rails/active_storage/blobs/eyJfcmFpbHMiOnsibWVzc2FnZSI6IkJBaHBBK0pmQWc9PSIsImV4cCI6bnVsbCwicHVyIjoiYmxvYl9pZCJ9fQ==--7086ba1b596af85f25c1cd501de07119d6297c14/co2_2020_10_0218_720x360.jpg?disposition=attachment
2020, 11, https://climate.nasa.gov/rails/active_storage/blobs/eyJfcmFpbHMiOnsibWVzc2FnZSI6IkJBaHBBK05mQWc9PSIsImV4cCI6bnVsbCwicHVyIjoiYmxvYl9pZCJ9fQ==--238ab7d823f88d7e1d03979c31c5ce01b48ef881/co2_2020_11_0219_720x360.jpg?disposition=attachment
2020, 12, https://climate.nasa.gov/rails/active_storage/blobs/eyJfcmFpbHMiOnsibWVzc2FnZSI6IkJBaHBBK1JmQWc9PSIsImV4cCI6bnVsbCwicHVyIjoiYmxvYl9pZCJ9fQ==--0a9d46e40c426929b6d26d40f5d63f63ff681dbb/co2_2020_12_0220_720x360.jpg?disposition=attachment
2021, 1, https://climate.nasa.gov/rails/active_storage/blobs/eyJfcmFpbHMiOnsibWVzc2FnZSI6IkJBaHBBK1ZmQWc9PSIsImV4cCI6bnVsbCwicHVyIjoiYmxvYl9pZCJ9fQ==--14924e563d61a6687624f45d10385b27c2c075c8/co2_2021_1_0221_720x360.jpg?disposition=attachment
2021, 2, https://climate.nasa.gov/rails/active_storage/blobs/eyJfcmFpbHMiOnsibWVzc2FnZSI6IkJBaHBBK1pmQWc9PSIsImV4cCI6bnVsbCwicHVyIjoiYmxvYl9pZCJ9fQ==--8930433b5ce2c72d852cd6fcb8d6ba0ae491dbd2/co2_2021_2_0222_720x360.jpg?disposition=attachment
2021, 3, https://climate.nasa.gov/rails/active_storage/blobs/eyJfcmFpbHMiOnsibWVzc2FnZSI6IkJBaHBBK2RmQWc9PSIsImV4cCI6bnVsbCwicHVyIjoiYmxvYl9pZCJ9fQ==--df8166c0b6ffeeaca3ba4a7f21de40306c76d275/co2_2021_3_0223_720x360.jpg?disposition=attachment
2021, 4, https://climate.nasa.gov/rails/active_storage/blobs/eyJfcmFpbHMiOnsibWVzc2FnZSI6IkJBaHBBK2hmQWc9PSIsImV4cCI6bnVsbCwicHVyIjoiYmxvYl9pZCJ9fQ==--eda299a27c2bdd4d46d2aa200932361bdf76a0f5/co2_2021_4_0224_720x360.jpg?disposition=attachment
2021, 5, https://climate.nasa.gov/rails/active_storage/blobs/eyJfcmFpbHMiOnsibWVzc2FnZSI6IkJBaHBBK2xmQWc9PSIsImV4cCI6bnVsbCwicHVyIjoiYmxvYl9pZCJ9fQ==--49f82f57f1a411c7e1e962dc11b3d3d5847a8bd0/co2_2021_5_0225_720x360.jpg?disposition=attachment
2021, 6, https://climate.nasa.gov/rails/active_storage/blobs/eyJfcmFpbHMiOnsibWVzc2FnZSI6IkJBaHBBK3BmQWc9PSIsImV4cCI6bnVsbCwicHVyIjoiYmxvYl9pZCJ9fQ==--e127d719ffd52660f08ccafeb8f5be4561a26a40/co2_2021_6_0226_720x360.jpg?disposition=attachment
2021, 7, https://climate.nasa.gov/rails/active_storage/blobs/eyJfcmFpbHMiOnsibWVzc2FnZSI6IkJBaHBBK3RmQWc9PSIsImV4cCI6bnVsbCwicHVyIjoiYmxvYl9pZCJ9fQ==--3cdfd9c936b940421db5f3c7d0b2e69826260de0/co2_2021_7_0227_720x360.jpg?disposition=attachment
2021, 8, https://climate.nasa.gov/rails/active_storage/blobs/eyJfcmFpbHMiOnsibWVzc2FnZSI6IkJBaHBBK3hmQWc9PSIsImV4cCI6bnVsbCwicHVyIjoiYmxvYl9pZCJ9fQ==--6c612becf2c76357c89466da0d37167cb79cf2ea/co2_2021_8_0228_720x360.jpg?disposition=attachment
2021, 9, https://climate.nasa.gov/rails/active_storage/blobs/eyJfcmFpbHMiOnsibWVzc2FnZSI6IkJBaHBBKzFmQWc9PSIsImV4cCI6bnVsbCwicHVyIjoiYmxvYl9pZCJ9fQ==--50d1c6b3ea5459e3ddb48aad8c3d00de7ee84bc4/co2_2021_9_0229_720x360.jpg?disposition=attachment
2021, 10, https://climate.nasa.gov/rails/active_storage/blobs/eyJfcmFpbHMiOnsibWVzc2FnZSI6IkJBaHBBKzVmQWc9PSIsImV4cCI6bnVsbCwicHVyIjoiYmxvYl9pZCJ9fQ==--19bad6941db21cd0bdc0b9d4cb70d9b2a9a3f75b/co2_2021_10_0230_720x360.jpg?disposition=attachment
2021, 11, https://climate.nasa.gov/rails/active_storage/blobs/eyJfcmFpbHMiOnsibWVzc2FnZSI6IkJBaHBBKzlmQWc9PSIsImV4cCI6bnVsbCwicHVyIjoiYmxvYl9pZCJ9fQ==--7008e238bb55d69055a9a3f730f1cff3ccc3abbd/co2_2021_11_0231_720x360.jpg?disposition=attachment
2021, 12, https://climate.nasa.gov/rails/active_storage/blobs/eyJfcmFpbHMiOnsibWVzc2FnZSI6IkJBaHBBL0JmQWc9PSIsImV4cCI6bnVsbCwicHVyIjoiYmxvYl9pZCJ9fQ==--ba14f70c8e1445feb93252202698ab82e2c5f0ba/co2_2021_12_0232_720x360.jpg?disposition=attachment
2022, 1, https://climate.nasa.gov/rails/active_storage/blobs/eyJfcmFpbHMiOnsibWVzc2FnZSI6IkJBaHBBL0ZmQWc9PSIsImV4cCI6bnVsbCwicHVyIjoiYmxvYl9pZCJ9fQ==--b1a77080a6172983ba066fa6f3b3536783df77ce/co2_2022_1_0233_720x360.jpg?disposition=attachment
2022, 2, https://climate.nasa.gov/rails/active_storage/blobs/eyJfcmFpbHMiOnsibWVzc2FnZSI6IkJBaHBBL0pmQWc9PSIsImV4cCI6bnVsbCwicHVyIjoiYmxvYl9pZCJ9fQ==--c6ebfcb2bdf827e11c974574c382435d33c7263d/co2_2022_2_0234_720x360.jpg?disposition=attachment
2022, 3, https://climate.nasa.gov/rails/active_storage/blobs/eyJfcmFpbHMiOnsibWVzc2FnZSI6IkJBaHBBL05mQWc9PSIsImV4cCI6bnVsbCwicHVyIjoiYmxvYl9pZCJ9fQ==--211b009f3686daad8a295787a68420040cd25991/co2_2022_3_0235_720x360.jpg?disposition=attachment
